user_id,username,first_name,last_name,email,phone_number,address,city_id,coordinate,password
1,aslijan20,Aslijan,Kuswoyo,aslijankuswoyo@hotmail.com,086 071 8018,"Jl. Raya Kebayoran Lama No. 123, Jakarta Selatan",3171,"-6.258887, 106.787042",+6l*5FWb+h
2,nyoman17,Nyoman,Oktaviani,nyomanoktaviani@yahoo.com,+62 (0991) 481-8636,"Jl. Kapuk Kamal Raya No. 88, Jakarta Utara",3175,"-6.112587, 106.758431",)WPjOeLH(0
3,banara20,Banara,Nurdiyanti,banaranurdiyanti@gmail.com,+62 (0754) 293 7430,"Jl. Sudirman No. 123, Jakarta Pusat",3173,"-6.208763, 106.817444",!8HbBavJ7q
4,teddy6,Teddy,Rajata,teddyrajata@hotmail.com,(091) 257-6138,"Jl. Jend. Gatot Subroto No. 123, Jakarta Selatan",3171,"-6.220214, 106.809417",I!9R3H#zi7
5,nasim23,Nasim,Firmansyah,nasimfirmansyah@hotmail.com,+62 (93) 466 7679,"Jl. Fatmawati No. 123, Jakarta Selatan",3171,"-6.284390, 106.794300",R0AFTutV(2
6,karya21,Karya,Najmudin,karyanajmudin@gmail.com,(091) 257-6133,"Jl. MT. Haryono No. 123, Jakarta Timur",3172,"-6.245023, 106.862065",#5OVkwHxq8
7,maryanto17,Maryanto,Uwais,maryantouwais@hotmail.com,(018) 600 0266,"Jl. Pluit Selatan Raya No. 123, Jakarta Utara",3175,"-6.131120, 106.807490",+z20Hsby##
8,cawuk15,Cawuk,Waskita,cawukwaskita@hotmail.com,+62 (0072) 083 7689,"Jl. Gatot Subroto No. 123, Jakarta Selatan",3171,"-6.238080, 106.821282",&3N8dKe!__
9,garda18,Garda,Hutasoit,gardahutasoit@gmail.com,+62 (0155) 083 2243,"Jl. S. Parman No. 123, Jakarta Barat",3174,"-6.186376, 106.795367",$3BbJCLg7h
10,latif11,Latif,Hakim,latifhakim@yahoo.com,+62 (0241) 510 8488,"Jl. Mangga Besar No. 123, Jakarta Barat",3174,"-6.147147, 106.823676",%7Yq2fewDn
11,suci18,Suci,Iswahyudi,suciiswahyudi@hotmail.com,+62 (62) 194 0115,Jl. Cihampelas No. 123,3204,"-6.897557, 107.610226",T+yfIM3s%8
12,fathonah7,Fathonah,Permadi,fathonahpermadi@hotmail.com,(018) 603 0266,Jl. Setiabudhi No. 56,3204,"-6.868983, 107.602405",(13GzXSdbL
13,puti25,Puti,Maryadi,putimaryadi@gmail.com,(018) 603 0263,Jl. Sersan Bajuri No. 124,3204,"-6.864326, 107.607601",%^7IjvaoI%
14,mujur3,Mujur,Hidayanto,mujurhidayanto@hotmail.com,(0703) 469 8585,Jl. Cimanuk No. 67,3204,"-6.917002, 107.600143",%S09XX7kTI
15,prayitna2,Prayitna,Haryanti,prayitnaharyanti@yahoo.com,+62 (0071) 050-0326,Jl. Rancakendal Luhur No. 17,3204,"-6.903232, 107.652783",n^0Qoho%iG
16,mustika28,Mustika,Yulianti,mustikayulianti@yahoo.com,(065) 360-1889,Jl. Bukit Indah No. 89,3204,"-6.873902, 107.594310",74D9PglD^K
17,bakiman5,Bakiman,Rajasa,bakimanrajasa@gmail.com,+62 (045) 978 5988,Jl. Buahbatu No. 42,3273,"-6.949670, 107.637645",+0vXfpG1@7
18,liman25,Liman,Laksmiwati,limanlaksmiwati@gmail.com,(0565) 863 0840,Jl. Pajajaran No. 21,3273,"-6.908736, 107.607350",#)CG+f@i3o
19,tasdik14,Tasdik,Wahyuni,tasdikwahyuni@hotmail.com,+62 (026) 605 8943,Jl. Hegarmanah No. 78,3273,"-6.867323, 107.598510",!0lHbfQpwA
20,galuh13,Galuh,Budiman,galuhbudiman@yahoo.com,+62 (009) 638 2669,Jl. Tamansari No. 44,3273,"-6.893886, 107.610152",u$^83Pkc+x
21,jagaraga1,Jagaraga,Gunarto,jagaragagunarto@yahoo.com,(060) 987-6893,"Jl. Raya Semarang-Solo, Kedungpane, Ngaliyan",3322,"-7.0448744, 110.4006874",$6)8jSi&fT
22,muhammad9,Muhammad,Yolanda,muhammadyolanda@yahoo.com,+62 (0642) 089-8096,"Jl. Godean, Sambirejo, Gayamsari",3322,"-7.0201217, 110.4421098",F2SkAWd9@P
23,karsana18,Karsana,Novitasari,karsananovitasari@yahoo.com,+62 (031) 376 9373,"Jl. Kaliurang KM 7,5, Sleman",3322,"-7.7260498, 110.3614266",$1UVILNd58
24,zamira4,Zamira,Mardhiyah,zamiramardhiyah@hotmail.com,+62 (47) 100-6946,"Jl. Taman Menteri Supeno, Miroto, Pedurungan",3322,"-7.0343369, 110.4029236",H#4BULk0Gn
25,raharja13,Raharja,Agustina,raharjaagustina@gmail.com,+62 (64) 230-0690,"Jl. Kolonel Sugiono, Tlogosari Kulon, Pedurungan",3322,"-7.0124618, 110.3972823",2X_XOAFE_b
26,dewi18,Dewi,Suartini,dewisuartini@hotmail.com,+62 (10) 714-4393,"Jl. Urip Sumoharjo No.19, Pedalangan, Banyumanik",3322,"-7.0099211, 110.3937077",@8NGyj7B)8
27,zalindra16,Zalindra,Wibowo,zalindrawibowo@yahoo.com,852516680,"Jl. MT Haryono No.847, Mlatiharjo, Semarang Timur",3322,"-7.0258363, 110.4374605",Jcw6eTzrg%
28,wage3,Wage,Hutasoit,wagehutasoit@gmail.com,+62 (07) 875 5038,"Jl. Gajah Mada No.45, Sekayu, Semarang Tengah",3374,"-6.9834716, 110.4171783",GmB)lJqe(7
29,rosman22,Rosman,Salahudin,rosmansalahudin@gmail.com,085 125 2383,"Jl. Kertanegara No.51, Candisari, Semarang Barat",3374,"-7.0160403, 110.3787575",!E^fH!eq+2
30,joko9,Joko,Anggriawan,jokoanggriawan@yahoo.com,(0964) 072-6859,"Jl. Ahmad Yani No.437, Banyumanik, Semarang Selatan",3374,"-7.0170171, 110.4038082",&6U0_NRtK(
31,makuta23,Makuta,Hastuti,makutahastuti@gmail.com,(026) 262 8962,"Jl. Rungkut Tengah I No. 2, Rungkut, Surabaya",3578,"-7.296331, 112.752919",)2OqndSpLO
32,vanesa20,Vanesa,Latupono,vanesalatupono@yahoo.com,+62 (0249) 786 4028,"Jl. Mulyorejo Timur II No. 50, Mulyorejo, Surabaya",3578,"-7.304392, 112.726738",gAv&W%qm(0
33,gatra23,Gatra,Zulkarnain,gatrazulkarnain@hotmail.com,805982873,"Jl. Medokan Asri Utara II No. 5, Medokan Ayu",3578,"-7.272498, 112.708802",(N2OpC7Ux8
34,azalea25,Azalea,Wacana,azaleawacana@gmail.com,(0964) 072-6259,"Jl. Tidar No. 2, Tidar, Surabaya",3578,"-7.269422, 112.735808",$x@kMbQkf9
35,dartono17,Dartono,Yolanda,dartonoyolanda@yahoo.com,+62 (09) 779 1502,"Jl. Kenjeran No. 19, Kenjeran, Surabaya",3578,"-7.211663, 112.728450",(B+vd1Rs!r
36,setya20,Setya,Nurdiyanti,setyanurdiyanti@yahoo.com,+62 (883) 771-3719,"Jl. Nginden Semolo No. 14, Nginden, Surabaya",3578,"-7.250033, 112.746518",(V0fIdNeY5
37,jasmani23,Jasmani,Marbun,jasmanimarbun@yahoo.com,+62 (0735) 307-2320,"Jl. Kupang Indah XIV No. 8, Kupang, Surabaya",3578,"-7.269645, 112.738181",$7Zau#@Xoq
38,cawisadi12,Cawisadi,Mayasari,cawisadimayasari@yahoo.com,+62 (19) 259-3410,"Jl. Puri Widya Kencana, Puri, Surabaya",3578,"-7.306785, 112.657290",1_pDlXxW%z
39,balijan6,Balijan,Marpaung,balijanmarpaung@gmail.com,(0747) 220 8720,"Jl. Sedap Malam Timur No. 17, Sukolilo, Surabaya",3578,"-7.290784, 112.649033",VL@57hJtL*
40,bambang3,Bambang,Mansur,bambangmansur@gmail.com,(0747) 220 8710,"Jl. Sambit Kidul IV No. 8, Sambikerep, Surabaya",3578,"-7.311992, 112.696924",#g1TTRcvVi
41,fitria23,Fitria,Haryanti,fitriaharyanti@gmail.com,+62 (024) 563 4707,"Jalan Tukad Batanghari Gang VI No. 11, Renon",5171,"-8.674576, 115.228382",H(a5ZCkIMy
42,ivan19,Ivan,Hutagalung,ivanhutagalung@hotmail.com,+62 (0355) 805 4274,"Jalan Pulau Galang Gg III No. 8, Padangsambian",5171,"-8.700763, 115.182980",GOBzaqC5^0
43,tari30,Tari,Widiastuti,tariwidiastuti@hotmail.com,+62 (077) 958 9239,"Jalan Gunung Agung No. 18, Padang Sambian",5171,"-8.683489, 115.174387",2a4Tb9irM%
44,ajeng11,Ajeng,Latupono,ajenglatupono@gmail.com,(0908) 258 9407,"Jalan Tukad Badung No. 1, Renon",5171,"-8.670476, 115.231849",^jT)L9DmdM
45,pia10,Pia,Wasita,piawasita@yahoo.com,(027) 935-9872,"Jalan Gunung Agung No. 57, Padangsambian",5171,"-8.685255, 115.178204",gxXaldS^&1
46,drajat7,Drajat,Prastuti,drajatprastuti@gmail.com,+62 (0494) 782 8635,"Jalan Tukad Barito No. 12, Renon",5171,"-8.670236, 115.227138",)^Hxc4cwQ6
47,ulya30,Ulya,Waskita,ulyawaskita@hotmail.com,(0754) 464 0598,"Jalan Tukad Yeh Aya Gang Melati No. 9, Renon",5171,"-8.682834, 115.225912",&61OYbBC#s
48,pranawa27,Pranawa,Dongoran,pranawadongoran@yahoo.com,(0303) 731-2670,"Jalan Gunung Soputan No. 9, Padangsambian",5171,"-8.690847, 115.184436",$x3gICoq^9
49,elma3,Elma,Haryanto,elmaharyanto@hotmail.com,+62 (320) 745 1582,"Jalan Gunung Soputan No. 25, Padangsambian",5171,"-8.691411, 115.184317",qcoQNLX@_2
50,jaswadi29,Jaswadi,Hastuti,jaswadihastuti@hotmail.com,+62 (035) 485 3296,"Jalan Tukad Citarum No. 11, Renon",5171,"-8.673100, 115.228212",(2TVtC7lyk
